{
  "test/integration/opaTests.qunit.js.map": 1709205101051,
  "manifest.json": 1709205082956,
  "test/integration/pages/RisksList.js": 1709199253964,
  "test/integration/opaTests.qunit.js": 1709199253964,
  "test/integration/FirstJourney.js": 1709199253964,
  "test/testsuite.qunit.js": 1709199253960,
  "xs-app.json": 1709205082912,
  "test/integration/pages/RisksObjectPage.js": 1709199253964,
  "Component.js": 1709199253948,
  "test/integration/pages/RisksObjectPage-dbg.js": 1709199253964,
  "test/integration/pages/RisksObjectPage.js.map": 1709205101025,
  "test/integration/opaTests.qunit-dbg.js": 1709199253964,
  "i18n/i18n.properties": 1709199327311,
  "test/integration/FirstJourney-dbg.js": 1709199253964,
  "test/integration/FirstJourney.js.map": 1709205101054,
  "test/testsuite.qunit-dbg.js": 1709199253960,
  "test/testsuite.qunit.js.map": 1709205101030,
  "test/integration/pages/RisksList-dbg.js": 1709199253964,
  "test/integration/pages/RisksList.js.map": 1709205101034,
  "Component-dbg.js": 1709199253948,
  "Component.js.map": 1709205101049,
  "Component-preload.js": 1709205101216,
  "Component-preload.js.map": 1709205101216,
  "test/integration/opaTests.qunit.html": 1709199253964,
  "test/testsuite.qunit.html": 1709199253960,
  "test/flpSandbox.html": 1709199253960,
  "index.html": 1709199253952
}